{
  "manual_experiments": [
    {
      "config": {
        "name": "manual_lab_baseline",
        "backend": "numpy",
        "standardize": false,
        "hidden_layers": [
          6
        ],
        "n_steps": 500,
        "learning_rate": 0.01,
        "l2_lambda": 0.0,
        "batch_size": null
      },
      "metrics": {
        "accuracy": 0.631578947368421,
        "balanced_accuracy": 0.5,
        "precision": 0.631578947368421,
        "recall": 1.0,
        "f1": 0.7741935483870968,
        "confusion_matrix": [
          [
            0,
            42
          ],
          [
            0,
            72
          ]
        ],
        "classification_report": {
          "0.0": {
            "precision": 0.0,
            "recall": 0.0,
            "f1-score": 0.0,
            "support": 42.0
          },
          "1.0": {
            "precision": 0.631578947368421,
            "recall": 1.0,
            "f1-score": 0.7741935483870968,
            "support": 72.0
          },
          "accuracy": 0.631578947368421,
          "macro avg": {
            "precision": 0.3157894736842105,
            "recall": 0.5,
            "f1-score": 0.3870967741935484,
            "support": 114.0
          },
          "weighted avg": {
            "precision": 0.39889196675900274,
            "recall": 0.631578947368421,
            "f1-score": 0.48896434634974534,
            "support": 114.0
          }
        },
        "validation_accuracy": 0.6228070175438597,
        "train_accuracy": 0.6275659824046921,
        "n_steps": 500,
        "standardize": false,
        "hidden_layers": [
          6
        ],
        "l2_lambda": 0.0,
        "parameter_count": 193
      }
    },
    {
      "config": {
        "name": "manual_improved_baseline",
        "backend": "numpy",
        "standardize": true,
        "hidden_layers": [
          6
        ],
        "n_steps": 1000,
        "learning_rate": 0.05,
        "l2_lambda": 0.0,
        "batch_size": null
      },
      "metrics": {
        "accuracy": 0.9298245614035088,
        "balanced_accuracy": 0.9097222222222223,
        "precision": 0.9102564102564102,
        "recall": 0.9861111111111112,
        "f1": 0.9466666666666667,
        "confusion_matrix": [
          [
            35,
            7
          ],
          [
            1,
            71
          ]
        ],
        "classification_report": {
          "0.0": {
            "precision": 0.9722222222222222,
            "recall": 0.8333333333333334,
            "f1-score": 0.8974358974358975,
            "support": 42.0
          },
          "1.0": {
            "precision": 0.9102564102564102,
            "recall": 0.9861111111111112,
            "f1-score": 0.9466666666666667,
            "support": 72.0
          },
          "accuracy": 0.9298245614035088,
          "macro avg": {
            "precision": 0.9412393162393162,
            "recall": 0.9097222222222223,
            "f1-score": 0.9220512820512821,
            "support": 114.0
          },
          "weighted avg": {
            "precision": 0.9330859199280251,
            "recall": 0.9298245614035088,
            "f1-score": 0.9285290148448043,
            "support": 114.0
          }
        },
        "validation_accuracy": 0.9912280701754386,
        "train_accuracy": 0.9853372434017595,
        "n_steps": 1000,
        "standardize": true,
        "hidden_layers": [
          6
        ],
        "l2_lambda": 0.0,
        "parameter_count": 193
      }
    },
    {
      "config": {
        "name": "manual_deeper_regularized",
        "backend": "numpy",
        "standardize": true,
        "hidden_layers": [
          12,
          6
        ],
        "n_steps": 1500,
        "learning_rate": 0.05,
        "l2_lambda": 0.001,
        "batch_size": 32
      },
      "metrics": {
        "accuracy": 0.9385964912280702,
        "balanced_accuracy": 0.9315476190476191,
        "precision": 0.9452054794520548,
        "recall": 0.9583333333333334,
        "f1": 0.9517241379310345,
        "confusion_matrix": [
          [
            38,
            4
          ],
          [
            3,
            69
          ]
        ],
        "classification_report": {
          "0.0": {
            "precision": 0.926829268292683,
            "recall": 0.9047619047619048,
            "f1-score": 0.9156626506024096,
            "support": 42.0
          },
          "1.0": {
            "precision": 0.9452054794520548,
            "recall": 0.9583333333333334,
            "f1-score": 0.9517241379310345,
            "support": 72.0
          },
          "accuracy": 0.9385964912280702,
          "macro avg": {
            "precision": 0.9360173738723689,
            "recall": 0.9315476190476191,
            "f1-score": 0.933693394266722,
            "support": 114.0
          },
          "weighted avg": {
            "precision": 0.9384352963933389,
            "recall": 0.9385964912280702,
            "f1-score": 0.9384383268099622,
            "support": 114.0
          }
        },
        "validation_accuracy": 0.9824561403508771,
        "train_accuracy": 0.9970674486803519,
        "n_steps": 1500,
        "standardize": true,
        "hidden_layers": [
          12,
          6
        ],
        "l2_lambda": 0.001,
        "parameter_count": 457
      }
    }
  ],
  "sklearn_experiments": [
    {
      "config": {
        "name": "sklearn_baseline",
        "backend": "sklearn",
        "standardize": true,
        "hidden_layers": [
          6
        ],
        "n_steps": 1000,
        "learning_rate": 0.05,
        "l2_lambda": 0.0,
        "batch_size": null
      },
      "metrics": {
        "accuracy": 0.9385964912280702,
        "balanced_accuracy": 0.9216269841269842,
        "precision": 0.922077922077922,
        "recall": 0.9861111111111112,
        "f1": 0.9530201342281879,
        "confusion_matrix": [
          [
            36,
            6
          ],
          [
            1,
            71
          ]
        ],
        "classification_report": {
          "0.0": {
            "precision": 0.972972972972973,
            "recall": 0.8571428571428571,
            "f1-score": 0.9113924050632911,
            "support": 42.0
          },
          "1.0": {
            "precision": 0.922077922077922,
            "recall": 0.9861111111111112,
            "f1-score": 0.9530201342281879,
            "support": 72.0
          },
          "accuracy": 0.9385964912280702,
          "macro avg": {
            "precision": 0.9475254475254475,
            "recall": 0.9216269841269842,
            "f1-score": 0.9322062696457395,
            "support": 114.0
          },
          "weighted avg": {
            "precision": 0.9408287303024145,
            "recall": 0.9385964912280702,
            "f1-score": 0.9376836024305945,
            "support": 114.0
          }
        },
        "train_loss_curve_length": 1000,
        "n_steps": 1000,
        "standardize": true,
        "hidden_layers": [
          6
        ],
        "l2_lambda": 0.0,
        "parameter_count": 193
      }
    },
    {
      "config": {
        "name": "sklearn_deeper_regularized",
        "backend": "sklearn",
        "standardize": true,
        "hidden_layers": [
          12,
          6
        ],
        "n_steps": 1500,
        "learning_rate": 0.05,
        "l2_lambda": 0.001,
        "batch_size": 32
      },
      "metrics": {
        "accuracy": 0.9385964912280702,
        "balanced_accuracy": 0.9315476190476191,
        "precision": 0.9452054794520548,
        "recall": 0.9583333333333334,
        "f1": 0.9517241379310345,
        "confusion_matrix": [
          [
            38,
            4
          ],
          [
            3,
            69
          ]
        ],
        "classification_report": {
          "0.0": {
            "precision": 0.926829268292683,
            "recall": 0.9047619047619048,
            "f1-score": 0.9156626506024096,